{
  "N_pairs": 1113,
  "P50_arcsec": 0.050969643129182965,
  "P68_arcsec": 0.05332470894897676,
  "P95_arcsec": 0.11584190795115097,
  "P50_ci95_arcsec": [
    0.050690864503642435,
    0.051430916269940744
  ],
  "P95_ci95_arcsec": [
    0.09780514929323501,
    0.17069029791484716
  ],
  "bootstrap_B": 5000,
  "bootstrap_seed": 47,
  "method_note": "1:1 dentro de 2\u2033; percentiles sobre separaciones; IC-95% por bootstrap.",
  "units": "arcsec",
  "generator": {
    "script": "notebooks/47tuc/rnA_per_coordinate_metrics.ipynb",
    "version": "v1.1-rnA"
  },
  "P68_ci95_arcsec": [
    0.05296920692603931,
    0.053765781052101044
  ],
  "per_coordinate": {
    "rms_ra_mas": 130.90993556974593,
    "rms_dec_mas": 146.93924562235915,
    "rms_ra_ci95_mas": [
      97.65973016695716,
      162.34075753107206
    ],
    "rms_dec_ci95_mas": [
      104.34233398890363,
      185.35156993450624
    ],
    "note": "\u0394\u03b1\u22c6 incluye cos\u03b4; unidades mas por coordenada."
  },
  "radii_check": {
    "radius_arcsec": [
      0.4,
      0.8,
      1.0,
      1.2,
      1.5,
      2.0
    ],
    "N": [
      1090,
      1096,
      1100,
      1102,
      1104,
      1113
    ],
    "P50_arcsec": [
      0.05087688664989626,
      0.050969643129182965,
      0.050969643129182965,
      0.050969643129182965,
      0.050969643129182965,
      0.050969643129182965
    ],
    "P68_arcsec": [
      0.0531472551824958,
      0.05323605600495968,
      0.05323605600495968,
      0.05323605600495968,
      0.05323605600495968,
      0.05332470894897676
    ],
    "P95_arcsec": [
      0.0840286963106329,
      0.09770380059970638,
      0.09969745101000624,
      0.10214158753091769,
      0.10818277279152752,
      0.11584190795115097
    ]
  }
}