{
  "timestamp_utc": "2025-08-13T22:13:50.413307+00:00",
  "g_center": 19.520000000000017,
  "N_slice": 74,
  "sigma_obs_perp": 0.008953608454443956,
  "median_sigma_rep_perp": 0.003295000939009288,
  "R_perp": 2.7173310782533644,
  "R_perp_ci95": [
    1.9596270654622585,
    4.533520505390134
  ]
}